"","logFC","pvalue","padj","piValue","rank"
"GPR17",-0.123234138848299,0.00741659411857758,0.0134830248807484,-1.87021266405848,-295
"ZNF770",-0.105578739308238,0.00735891559194253,0.0133874985563,-1.87330056299415,-294
"STARD4-AS1",-0.12038979958657,0.00494353523155507,0.00930748941669459,-2.03116744893431,-293
"SFRP4",-0.102265548769192,0.00251373157425548,0.00500979327497554,-2.30018019456982,-292
"VWCE",-0.102270802916194,0.00169026315249438,0.00348418081789659,-2.45789931457798,-291
"IGSF9B",-0.124754384271034,0.00167031096436667,0.00344577595654383,-2.46271296368424,-290
"TUBGCP3",-0.103844150441316,0.00158420767452217,0.0032837311651491,-2.48363240522842,-289
"CX3CR1",-0.10809688107955,0.00108499716735579,0.00232356864641284,-2.63384449240486,-288
"SLC35E2A",-0.104502480544441,0.000888283843816534,0.00193085280353575,-2.71425083292636,-287
"STX16-NPEPL1",-0.100319854257214,0.00064249308232999,0.00143213036741544,-2.84401744622363,-286
"ADCYAP1R1",-0.196884260224367,0.000418062419530655,0.000963486495055451,-3.01615436836089,-285
"SLC4A1",-0.108294604579295,0.000416716147292102,0.000960723350359484,-3.01740165365242,-284
"LSS",-0.106424154686094,0.00029232766040355,0.000694830936209786,-3.15812085354373,-283
"ZC3HAV1L",-0.121149453529499,0.000282043825285623,0.000671979460974624,-3.1726440009368,-282
"AC102945.2",-0.163648433798017,0.00025987320918039,0.000623829632639544,-3.20493399959141,-281
"APAF1",-0.10401894311834,0.000100268566718393,0.000258746071852252,-3.58712623471702,-280
"GATA2-AS1",-0.101120799417702,9.69951130602173e-05,0.000251043910405111,-3.60025030888248,-279
"SYT9",-0.143949636622522,9.25835905538441e-05,0.000240560901603638,-3.61877495720239,-278
"ATG9A",-0.109358087095492,6.14883345677605e-05,0.000164836764528825,-3.78294591854121,-277
"ABR",-0.129013400775924,5.87197023534613e-05,0.000157901517132751,-3.80161369722909,-276
"SDHAP1",-0.102989146968164,5.35123092448294e-05,0.000144614077325127,-3.83978942898446,-275
"IL10RA",-0.156290007628878,4.93312281446224e-05,0.000134064988010453,-3.87268462631842,-274
"KIAA0355",-0.151475517138629,4.16068156852281e-05,0.000114940921450274,-3.93952532556699,-273
"ANGPT1",-0.132133195831195,3.19949496723471e-05,9.01443364931413e-05,-4.04506155354547,-272
"AP006623.1",-0.115709367770253,3.10598871229475e-05,8.76992959206498e-05,-4.05700389328167,-271
"STAG3L5P",-0.141586805597701,3.06773087600364e-05,8.67317279099057e-05,-4.06182200130642,-270
"TUBB2B",-0.100807952767845,2.80153735745533e-05,7.97765288557477e-05,-4.09812486413536,-269
"ITGA4",-0.117360480543409,2.57301656106154e-05,7.37522681084937e-05,-4.13222461925683,-268
"MRAP2",-0.107808260539449,2.36280773285995e-05,6.81161327408478e-05,-4.16675001686014,-267
"CDK5RAP3",-0.102271609664439,1.94904420002753e-05,5.6917676795251e-05,-4.24475283479284,-266
"TFPI2",-0.111835031520689,1.69072851236716e-05,4.97978348199921e-05,-4.30278953969353,-265
"FAM219B",-0.107099813860153,1.35835280226579e-05,4.09610109760704e-05,-4.38762933289379,-264
"HMG20A",-0.112274962997081,1.3351871224875e-05,4.03370638208988e-05,-4.39429571774424,-263
"ITPR3",-0.135077097221294,1.10395126045587e-05,3.39729408656569e-05,-4.46886685682603,-262
"EDC4",-0.110439573715951,1.0666853528055e-05,3.29427193258093e-05,-4.48224055393832,-261
"AC009533.1",-0.116211288596897,1.05979852188139e-05,3.27532993421257e-05,-4.48474494562923,-260
"GIT2",-0.101710210505783,1.03502366603945e-05,3.20636072505616e-05,-4.49398761982073,-259
"DDX11",-0.107683636102348,1.01169608313569e-05,3.13931485040582e-05,-4.50316512554343,-258
"TTC39A",-0.125203523222779,8.76358228309283e-06,2.75011164908798e-05,-4.56064967431572,-257
"AQP10",-0.122232501321766,8.61712609304547e-06,2.71198258941841e-05,-4.56671310291109,-256
"ARHGAP11A",-0.106033349009306,7.76210654350768e-06,2.45771773586859e-05,-4.60946799646739,-255
"CMTM5",-0.147485542717768,7.63216982845929e-06,2.42186761320599e-05,-4.61584960042728,-254
"INHBA",-0.121684341173547,6.80481433932248e-06,2.1768061960619e-05,-4.66218023505058,-253
"MYO18A",-0.126064020989996,6.17802965953296e-06,1.99193727613421e-05,-4.70072434114208,-252
"GUSBP11",-0.133303652727836,5.93641212839086e-06,1.91877786811583e-05,-4.7169752994883,-251
"HERC2",-0.111888857828283,5.55985823745035e-06,1.80242781836509e-05,-4.74414211840516,-250
"JMJD7-PLA2G4B",-0.147055578569985,5.4531855834385e-06,1.76960553319744e-05,-4.75212353242255,-249
"UNC5D",-0.136322692580993,4.9913180380144e-06,1.62986404235813e-05,-4.78784862143424,-248
"LINC01521",-0.105162758775422,4.70135549469359e-06,1.54096703598376e-05,-4.81220665151096,-247
"LINC01569",-0.102364383143663,4.44746754239629e-06,1.46622527017018e-05,-4.83379929976589,-246
"SLC6A4",-0.145451719315957,4.28267150495046e-06,1.41762948648639e-05,-4.84843726210125,-245
"PDXDC1",-0.133821911656986,3.6209395113195e-06,1.21243371262205e-05,-4.91634199625512,-244
"PTPRK",-0.153939575534019,3.54888955437627e-06,1.19167398476249e-05,-4.92384254156253,-243
"CSMD1",-0.168763414298874,2.97470662443659e-06,1.00873956827618e-05,-4.99622094343569,-242
"LDOC1",-0.10741629614347,2.82738060804278e-06,9.63037291462365e-06,-5.01635689546866,-241
"LINC00954",-0.114319129189358,2.75371219637211e-06,9.39662858845763e-06,-5.02702793874762,-240
"NRXN1",-0.12911977188142,2.64280942266445e-06,9.04896836187708e-06,-5.04340093021828,-239
"AC126773.2",-0.121818530789154,2.59229640737374e-06,8.89001570995747e-06,-5.05109747156727,-238
"PKD1",-0.114935731083407,2.59070891581747e-06,8.88690838508456e-06,-5.05124929693956,-237
"SEMA3D",-0.125838054459309,2.47910842741981e-06,8.5310111109259e-06,-5.06899949241137,-236
"NBPF8",-0.110725209270565,2.41564951226398e-06,8.3258194870367e-06,-5.07957300933126,-235
"GATM",-0.107923262482444,2.03623217984163e-06,7.11590034552373e-06,-5.14777014261344,-234
"SOX3",-0.158440860279684,1.94464192250803e-06,6.81774729928755e-06,-5.16635909999168,-233
"DYNC1LI2",-0.117348787848883,1.53658972652059e-06,5.4979981380745e-06,-5.2597954115686,-232
"LINC02604",-0.115399425440152,1.49596137164326e-06,5.36292694034398e-06,-5.27059811943104,-231
"BORA",-0.115744870442369,1.44091924477405e-06,5.17984255522138e-06,-5.28568344072537,-230
"TRAPPC10",-0.157980920365923,1.35979052088263e-06,4.92075137995319e-06,-5.30796857705941,-229
"TMEM268",-0.103747847602434,1.33546114618766e-06,4.84211405854307e-06,-5.31496498473888,-228
"SLFN13",-0.114116136312031,1.30393803298957e-06,4.73176400285198e-06,-5.32497692397965,-227
"IGDCC3",-0.109348685372745,1.255576850276e-06,4.57025768386816e-06,-5.34005931250629,-226
"MCM2",-0.123829928945753,1.22366862088373e-06,4.46657882831392e-06,-5.35002499697135,-225
"MMP25-AS1",-0.103158048725569,1.09990164298436e-06,4.03627384012436e-06,-5.39401937682052,-224
"MAN2A2",-0.111259751537363,1.06633330361198e-06,3.93189678985224e-06,-5.40539789068373,-223
"UCKL1-AS1",-0.169853991404655,1.05213992770245e-06,3.88615376298366e-06,-5.41048001971817,-222
"BMP8A",-0.114267730596205,9.24958935947859e-07,3.45257997785689e-06,-5.46185625234684,-221
"AC098484.4",-0.126965538818186,6.74362969741113e-07,2.57390747771835e-06,-5.58940706840232,-220
"UBE2V1",-0.126093348624916,6.43561831189003e-07,2.4650024676555e-06,-5.60818264162463,-219
"NID2",-0.171643396082595,5.91181934167696e-07,2.28585674041361e-06,-5.64095099126245,-218
"ZNF702P",-0.136437560479594,5.86391177243203e-07,2.27069885202074e-06,-5.64384045960587,-217
"EVC",-0.144233610013291,5.83400500503475e-07,2.26046028745286e-06,-5.64580311839814,-216
"CNTNAP1",-0.106166157940206,5.71281372304251e-07,2.21811600404646e-06,-5.65401574466123,-215
"RUBCN",-0.145081518024737,5.64482900814516e-07,2.1949868790766e-06,-5.6585680714864,-214
"VGLL4",-0.116777952326267,5.56131183120777e-07,2.16573988959724e-06,-5.66439370435704,-213
"CDON",-0.152752771401878,5.44566984579221e-07,2.12324143882876e-06,-5.67300061836856,-212
"SLITRK4",-0.100198583782014,5.21117745684013e-07,2.04157934491165e-06,-5.69003373678547,-211
"CAP1",-0.137773864722195,4.76639312134829e-07,1.88716754974573e-06,-5.72418953984582,-210
"LRRC4C",-0.109711383884741,4.74248247265294e-07,1.87998347745713e-06,-5.72584596758777,-209
"NYAP1",-0.104717650857141,4.60031372201229e-07,1.82840975747439e-06,-5.73792646972466,-208
"BCL11B",-0.111879287138002,4.60116609724809e-07,1.82840975747439e-06,-5.73792646972466,-207
"EPN2",-0.140443964587456,4.57875721897509e-07,1.82116961420778e-06,-5.73964960440601,-206
"PI4KAP2",-0.129385523989522,4.3321435203588e-07,1.73206056997301e-06,-5.7614369248215,-205
"DHFR",-0.105334089996825,4.07441517015907e-07,1.63704629233563e-06,-5.78593903945082,-204
"AC145098.2",-0.109686658820095,3.98350850187952e-07,1.6044755367978e-06,-5.794666900142,-203
"ARHGAP23",-0.157811008105712,3.77089735661566e-07,1.52685635904941e-06,-5.81620181782667,-202
"ZNF670",-0.103621499359646,3.75558256630113e-07,1.52160011897171e-06,-5.8176994664498,-201
"AF131215.6",-0.10404900908958,3.68412687296447e-07,1.49497145853151e-06,-5.82536709865768,-200
"NBPF9",-0.115874409519503,3.47480625368226e-07,1.41797319025419e-06,-5.8483319803199,-199
"OAS3",-0.118330452256311,3.26412638406006e-07,1.33828155614308e-06,-5.87345250733386,-198
"AC005519.1",-0.111053798759894,3.25582548553169e-07,1.33571802397938e-06,-5.87428521368298,-197
"YPEL4",-0.106700153719561,3.05516281871542e-07,1.26133059454531e-06,-5.89917106999346,-196
"DCHS1",-0.140234549283721,3.00478813113198e-07,1.24171250970289e-06,-5.90597894353322,-195
"DNAJC9",-0.101858844827377,2.97487026157791e-07,1.23129983978099e-06,-5.90963617703948,-194
"AC007191.1",-0.138669222296559,2.77561311778174e-07,1.1543222666489e-06,-5.93767292680551,-193
"TBC1D2B",-0.125001817977401,2.51730732913057e-07,1.05565023107784e-06,-5.976479952896,-192
"GPC6",-0.101605993350509,2.48971890720732e-07,1.04441666091341e-06,-5.98112620877073,-191
"AC008969.1",-0.121840314103055,2.24407538272728e-07,9.50543395307866e-07,-6.02202805143132,-190
"TAF4",-0.139042800567115,2.20210788669453e-07,9.33676562362487e-07,-6.0298035429436,-189
"CDCA7L",-0.126570632993238,2.19099899759955e-07,9.29890293015687e-07,-6.03156828579913,-188
"DAAM2",-0.121937040147987,2.18987359592605e-07,9.29890293015687e-07,-6.03156828579913,-187
"RIPOR3",-0.11698465018589,2.18241661341406e-07,9.27438171135423e-07,-6.03271503355092,-186
"MYO19",-0.132726178652658,1.93000248938929e-07,8.28541555846449e-07,-6.08168570447795,-185
"BTBD19",-0.104934633667902,1.74589404871846e-07,7.55974441679485e-07,-6.12149288707181,-184
"TBX18",-0.110415035680973,1.71999595529094e-07,7.4649541593692e-07,-6.12697285483703,-183
"NT5C2",-0.187116448795391,1.71857169565207e-07,7.46125567732835e-07,-6.12718807764204,-182
"ATRNL1",-0.108704719554932,1.61133910174644e-07,7.01906632096763e-07,-6.15372065405535,-181
"UVSSA",-0.144184334360818,1.5612058214182e-07,6.81662079776907e-07,-6.16643086472488,-180
"AC015813.6",-0.102610623414099,1.54112337591175e-07,6.73344424410087e-07,-6.17176273167834,-179
"TBC1D14",-0.176986713664816,1.53478743725714e-07,6.71096227667001e-07,-6.17321520241156,-178
"MLLT6",-0.165551320877451,1.53303598257366e-07,6.70934741098178e-07,-6.17331971971065,-177
"ZNF826P",-0.125634488072182,1.50125501993047e-07,6.58351310354178e-07,-6.1815422956974,-176
"MEDAG",-0.114223060422502,1.29950093875751e-07,5.77644554985528e-07,-6.238339316065,-175
"COL8A2",-0.12620933919951,1.28642713665814e-07,5.7232752072256e-07,-6.24235537027092,-174
"VAT1L",-0.112859450631492,1.22068213447555e-07,5.45583838171011e-07,-6.26313850326563,-173
"MTCL1",-0.100773845133843,1.12024546687629e-07,5.04497285186483e-07,-6.2971411664572,-172
"LOXL4",-0.121984659499683,1.10194659910964e-07,4.96771086954303e-07,-6.30384368888141,-171
"OPHN1",-0.1217904685841,9.85432347907975e-08,4.47493338489408e-07,-6.34921342532868,-170
"WDR73",-0.121079074452883,9.82408802079502e-08,4.46586810621153e-07,-6.35009410741558,-169
"PPP2R5D",-0.113610940066838,9.70555173437297e-08,4.41506123891497e-07,-6.3550632681819,-168
"GTF2I",-0.126114657004871,9.15741571992544e-08,4.18322297090254e-07,-6.37848898637518,-167
"CERS2",-0.100103279011939,9.04298086981803e-08,4.13819496505848e-07,-6.38318905203316,-166
"KMT2D",-0.127749480456329,8.98950520115755e-08,4.11661259949076e-07,-6.38546000106657,-165
"SATB2",-0.106438678821829,8.49736574371934e-08,3.91184765370941e-07,-6.40761806708528,-164
"SLC35E2B",-0.133242904803247,7.86945912529604e-08,3.64594976597197e-07,-6.43818931936493,-163
"CUX2",-0.105762299657739,7.59442150580106e-08,3.52603934776281e-07,-6.45271284563258,-162
"TUBB",-0.103422667614237,7.56672595888166e-08,3.51443162235522e-07,-6.45414490200526,-161
"MAT2A",-0.120345997175146,7.56024859961049e-08,3.51267410887496e-07,-6.45436214035386,-160
"AL390728.4",-0.163302963846723,7.24223303466115e-08,3.38057277158378e-07,-6.47100971082767,-159
"SLC29A4",-0.116476830464732,6.72547880072869e-08,3.15403432287319e-07,-6.50113358489636,-158
"ADAT1",-0.101803567526581,6.2784041404295e-08,2.95713061753274e-07,-6.52912949210531,-157
"PCYT1B",-0.105999243446857,6.21187927359225e-08,2.93109006824132e-07,-6.53297083610295,-156
"CRISPLD2",-0.116542182278936,6.0516535748461e-08,2.86689669172332e-07,-6.54258795652086,-155
"PMEL",-0.166250647970911,4.70726828997185e-08,2.2746273819123e-07,-6.64308973713143,-154
"PTPRD-AS1",-0.13220796038671,4.46683226063848e-08,2.16566640681216e-07,-6.66440844006452,-153
"AC110079.1",-0.163544513921112,4.22384985288681e-08,2.05857435655268e-07,-6.68643344148782,-152
"AC139769.1",-0.103023978203942,4.06774333380011e-08,1.98694788612064e-07,-6.70181352346242,-151
"DKK2",-0.144175933251587,4.01102926204686e-08,1.96144895521617e-07,-6.707422989475,-150
"CCDC40",-0.117850396068252,3.48229558721819e-08,1.72226390020855e-07,-6.76390030141715,-149
"EPSTI1",-0.125588910226359,3.38008774216344e-08,1.67488998226807e-07,-6.77601371499317,-148
"RNF40",-0.10702161494199,3.12709729691065e-08,1.56079613265628e-07,-6.80665381970792,-147
"SEMA3A",-0.119126470055891,3.12221552038606e-08,1.5589561568482e-07,-6.80716609847802,-146
"PIP4K2B",-0.178234125657091,3.07301456408455e-08,1.53556536186938e-07,-6.81373169293302,-145
"PLA2G4A",-0.131000229300038,2.94997001894988e-08,1.47918142972489e-07,-6.82997855413298,-144
"CDC42BPB",-0.117690435784164,2.93708717316754e-08,1.47430148602351e-07,-6.83141369671585,-143
"PARN",-0.133160064237997,2.67726113002122e-08,1.35231757001304e-07,-6.86892130934927,-142
"ZDHHC11",-0.147911918506228,2.60431747180391e-08,1.31802516365024e-07,-6.88007629814101,-141
"PAPLN",-0.166484017334621,2.60168583299705e-08,1.3172044500756e-07,-6.88034681072659,-140
"SSC5D",-0.151440579992515,2.28795002675893e-08,1.17222815901149e-07,-6.93098785030091,-139
"HECTD4",-0.113807406988644,1.79166878293711e-08,9.32439914886905e-08,-7.03037914394157,-138
"SEC24C",-0.181090453855665,1.7870490124826e-08,9.30406915001921e-08,-7.03132707048939,-137
"MEG3",-0.113248701386481,1.74831379992097e-08,9.13156130499372e-08,-7.03945496089149,-136
"GOLGA7",-0.140931985611816,1.72931163664176e-08,9.04680399722495e-08,-7.04350481875214,-135
"ERBB3",-0.101082054666681,1.63674410742314e-08,8.59702643939288e-08,-7.0656517376255,-134
"EMC10",-0.149151682674186,1.63122007646753e-08,8.57146343162352e-08,-7.06694502334867,-133
"TRANK1",-0.111984678428414,1.63087984691075e-08,8.57146343162352e-08,-7.06694502334867,-132
"RAPGEF1",-0.101277529631765,1.61968038905455e-08,8.51769017501996e-08,-7.06967816113082,-131
"GRIN2D",-0.11047229374225,1.3759712861748e-08,7.33364017747926e-08,-7.13468040236134,-130
"ADGRD1",-0.113933020878932,1.32560221794931e-08,7.08835757543868e-08,-7.1494543823847,-129
"RAVER1",-0.142996248028191,1.29514913402034e-08,6.93404556892168e-08,-7.15901330858874,-128
"SMCR8",-0.11566194942657,1.19831462934182e-08,6.43939818536299e-08,-7.19115471912915,-127
"ADAMTSL2",-0.149774391267734,1.14192815540084e-08,6.14906152053582e-08,-7.21119116187557,-126
"ZNF675",-0.104084807847844,1.07583148466069e-08,5.80993549604337e-08,-7.23582868927368,-125
"UCHL1",-0.141720651424149,1.03622356777572e-08,5.60532051884321e-08,-7.25139954888791,-124
"MAML3",-0.102445083680976,1.02800862357441e-08,5.56549957187937e-08,-7.25449584632069,-123
"AC019080.1",-0.103827335404242,1.0131406338815e-08,5.49184544766523e-08,-7.26028169324348,-122
"NDST1",-0.105477019973056,9.82325769734203e-09,5.33145763165771e-08,-7.27315403772009,-121
"STC1",-0.152863516651308,9.1348159286116e-09,4.99104605533944e-08,-7.30180842262286,-120
"NTN1",-0.168752831811056,9.11035642042347e-09,4.97976816576542e-08,-7.3027908754476,-119
"ARHGAP28",-0.102431180647387,8.81367504177866e-09,4.82771734123802e-08,-7.31625816540447,-118
"ZNF43",-0.106025456627901,6.63936136330389e-09,3.71792833405793e-08,-7.42969898584523,-117
"GNAO1",-0.187705783399068,6.47514714915632e-09,3.63533659575104e-08,-7.43945537162486,-116
"PCDHGA10",-0.124478255678873,6.38795751805336e-09,3.59102335993327e-08,-7.44478176973967,-115
"FAM13C",-0.166378411295454,6.20099430018353e-09,3.49647071608273e-08,-7.4563701047459,-114
"SPTBN2",-0.12353833845205,6.1417299947024e-09,3.4690533820229e-08,-7.45978901715431,-113
"AC092329.4",-0.112075201965462,5.69397135233245e-09,3.23013372671247e-08,-7.49077949761592,-112
"HSPG2",-0.181297823611575,5.60294714552846e-09,3.18542444080131e-08,-7.4968326920518,-111
"SPON1",-0.123188983437924,5.52997915781876e-09,3.14738961675774e-08,-7.50204949225223,-110
"DNAJC14",-0.136169038745444,5.03479331634407e-09,2.8787275068724e-08,-7.54079944240309,-109
"MAP3K9",-0.114199087724872,4.90341701168609e-09,2.80853599764647e-08,-7.55152000530073,-108
"EPHB2",-0.119848660472967,4.80061367925973e-09,2.75086131831746e-08,-7.56053130354257,-107
"PNMA2",-0.120635474117271,4.72565546018702e-09,2.71148255661061e-08,-7.56679318510355,-106
"LSM14A",-0.121551380502569,4.44636997730242e-09,2.56364090380098e-08,-7.59114280771001,-105
"ENTPD5",-0.107509060336865,4.41116733559486e-09,2.54559488454992e-08,-7.59421071042454,-104
"ID2-AS1",-0.128136732030066,3.93250787954071e-09,2.28351592898352e-08,-7.64139595456475,-103
"STIL",-0.11010281752531,3.73145096967006e-09,2.17354102485203e-08,-7.66283215823426,-102
"ZNF710",-0.164431664572628,3.50630019309706e-09,2.0524760825122e-08,-7.68772189500925,-101
"BMP6",-0.177996933565759,3.16785821617385e-09,1.86946637354477e-08,-7.72828234217881,-100
"B3GNT5",-0.123589157885897,3.0730207582484e-09,1.81596450969985e-08,-7.74089264336567,-99
"VCAM1",-0.134119930848504,2.87407519142156e-09,1.7084634752288e-08,-7.76739430142837,-98
"KHNYN",-0.131953341352447,2.4642034839739e-09,1.48581330735033e-08,-7.82803575630975,-97
"RBFOX2",-0.107993962501318,2.37100678708784e-09,1.43359622240146e-08,-7.84357315206836,-96
"SYTL4",-0.100309700589577,2.31585728797741e-09,1.40155038282141e-08,-7.85339128563967,-95
"GABBR1",-0.156573047411345,2.27741871347955e-09,1.38020886901489e-08,-7.86005518620994,-94
"TIAF1",-0.16468008991133,2.23116285860492e-09,1.35469394794811e-08,-7.86815880938768,-93
"ASAP2",-0.191990740988013,2.20765128915438e-09,1.34166766603688e-08,-7.87235504652201,-92
"BRIP1",-0.122114734752472,2.13573047646828e-09,1.30403543418068e-08,-7.88471060748442,-91
"ABHD2",-0.11485267552446,2.05725429569914e-09,1.25965777110367e-08,-7.89974742973112,-90
"MKI67",-0.112874757493847,1.98467900716978e-09,1.21865271240623e-08,-7.914120040546,-89
"ABCA7",-0.106470812085383,1.97357877942851e-09,1.2129790028891e-08,-7.91614671686494,-88
"MAPKBP1",-0.100062803249345,1.9571181954933e-09,1.20399695781243e-08,-7.91937461042615,-87
"MCM3AP",-0.137877822085548,1.69431321650513e-09,1.05526422968768e-08,-7.97663878289952,-86
"PDCD6",-0.171438402998014,1.64088471594502e-09,1.0244677881717e-08,-7.98950169235231,-85
"FMOD",-0.12913907760945,1.63053050990119e-09,1.01894484475953e-08,-7.99184932361367,-84
"XYLT1",-0.127390962453137,1.62387452529102e-09,1.01527188680947e-08,-7.99341763939703,-83
"MARS2",-0.10086724931141,1.53183903559308e-09,9.62806973600238e-09,-8.0164607727955,-82
"DNAJC11",-0.115961881229253,1.51099937506094e-09,9.51542918857789e-09,-8.02157161830419,-81
"PRSS23",-0.104431435436136,1.48168051059187e-09,9.35337716318448e-09,-8.02903155292206,-80
"ULBP3",-0.120117507901998,1.36961545110231e-09,8.68377477553542e-09,-8.06129144903736,-79
"ADAMTS19",-0.116436690861334,1.35832719580491e-09,8.6163926496535e-09,-8.0646745184273,-78
"SLC23A2",-0.113859689606082,1.327965964247e-09,8.4361091601117e-09,-8.07385780928729,-77
"STAB1",-0.123704039273567,1.31660889932165e-09,8.38125366242214e-09,-8.07669101502722,-76
"LENG8",-0.216876888694647,1.27122793522737e-09,8.12315273455921e-09,-8.09027538092143,-75
"CIT",-0.100286903005553,1.22913075880528e-09,7.87343976244521e-09,-8.1038354908329,-74
"DDR1",-0.132230596545068,1.17492095726006e-09,7.54843306629836e-09,-8.12214319158761,-73
"DPY19L2P2",-0.171050008386697,1.14207937927991e-09,7.34829761448870e-09,-8.13381326258497,-72
"PBX2",-0.139393903668057,1.13028597577253e-09,7.27959984988906e-09,-8.1378924926322,-71
"IQGAP3",-0.107289585710029,1.08234026042686e-09,7.01933449850178e-09,-8.15370406127889,-70
"DOK3",-0.106757748047816,1.05469871048967e-09,6.86396236637037e-09,-8.16342510629608,-69
"BAALC",-0.15429334244863,1.00580101368514e-09,6.57197235495068e-09,-8.18230427209602,-68
"DNAH1",-0.146073377678799,9.64700728871026e-10,6.32242558087232e-09,-8.19911627388656,-67
"FGD1",-0.131480043553632,7.85371447514286e-10,5.20732812327469e-09,-8.28338505577201,-66
"PFAS",-0.102626177772153,7.16060219580279e-10,4.77446696511554e-09,-8.32107510722805,-65
"SZT2",-0.117607659807283,7.15395059275307e-10,4.77335515711239e-09,-8.32117625114898,-64
"SFRP2",-0.227860260433801,6.87787069465746e-10,4.60714892653942e-09,-8.33656774890883,-63
"PRRC2B",-0.189817392126371,6.68856131554964e-10,4.49187521510805e-09,-8.34757231700157,-62
"SLC47A1",-0.110893665513165,5.52491789741374e-10,3.76075048111013e-09,-8.42472548026327,-61
"KLHL29",-0.119831970183003,5.44629754278062e-10,3.71499019628373e-09,-8.43004232798833,-60
"SORCS2",-0.141529706653787,5.3811593295666e-10,3.67825366751612e-09,-8.43435832332969,-59
"BMP4",-0.12927403533916,4.97636020177297e-10,3.41408152296281e-09,-8.46672611281994,-58
"KIAA0895L",-0.105515557810799,4.77969058579364e-10,3.28953691925703e-09,-8.48286523504894,-57
"ATP8B2",-0.10248212149548,4.74253292021882e-10,3.26741227392994e-09,-8.48579606387277,-56
"RAI1",-0.123781862762235,4.63668274343453e-10,3.19786442833808e-09,-8.49513995186955,-55
"KIAA0513",-0.112121807308451,4.15652005350181e-10,2.89889489506795e-09,-8.53776753052962,-54
"EHMT2",-0.101073446048207,3.80652399215691e-10,2.67338103961822e-09,-8.57293913641377,-53
"PRR12",-0.106598367971661,3.53688792612136e-10,2.49475891468225e-09,-8.60297141680694,-52
"FARP1",-0.12045299956231,3.3450071693835e-10,2.36838129767099e-09,-8.62554837705734,-51
"RDH10",-0.129838184385371,3.28207043906821e-10,2.32761080295419e-09,-8.63308963581764,-50
"FRAS1",-0.113311256425501,3.10807001133422e-10,2.21022077905239e-09,-8.65556434245284,-49
"AC073957.3",-0.25143476971203,2.58169449609918e-10,1.86643345998478e-09,-8.72898748844678,-48
"MYH6",-0.223148903912902,2.34569570409443e-10,1.70622216245396e-09,-8.76796442120711,-47
"FERMT1",-0.14325786269073,2.21375370917739e-10,1.61475256572101e-09,-8.79189401672283,-46
"GAS1",-0.115007648023019,1.89454246266112e-10,1.3967565176951e-09,-8.85487929341157,-45
"RHOF",-0.150353531598853,1.66286860426974e-10,1.23643855968563e-09,-8.90782745945024,-44
"ATP2A3",-0.114513572068476,1.61407018831071e-10,1.20232840346195e-09,-8.91997689312239,-43
"CHST11",-0.13680205002086,1.55903778014795e-10,1.16321342841473e-09,-8.93434059285646,-42
"CDC42BPG",-0.110461894374517,1.53711334910914e-10,1.14816908929447e-09,-8.93999414927257,-41
"SEMA3F",-0.113302425522247,1.41438562441748e-10,1.06380722685426e-09,-8.9731370636749,-40
"ATAT1",-0.139335397727521,1.30263810213985e-10,9.84299312173115e-10,-9.00687281837852,-39
"TEK",-0.148294226700053,1.26107704586072e-10,9.53447352586408e-10,-9.02070328280934,-38
"SCUBE3",-0.109569991716537,1.24962922361283e-10,9.45721276936045e-10,-9.02423684005119,-37
"PENK",-0.27896420839514,1.18839405259809e-10,9.02155717926906e-10,-9.0447184939441,-36
"LRCH4",-0.124970544999702,1.03921836716911e-10,7.99615689948057e-10,-9.09711869280428,-35
"PIAS3",-0.102611501601699,1.02875354523208e-10,7.92498744058874e-10,-9.1010014173736,-34
"LRRC4",-0.122665739580382,7.82496116789207e-11,6.12563886864636e-10,-9.21284861020283,-33
"PCDHGC3",-0.24662568155171,7.56292136632984e-11,5.93832754122058e-10,-9.22633585163361,-32
"SPEN",-0.110187566357642,6.96547743485202e-11,5.49901674971792e-10,-9.25971495747779,-31
"ADAMTS17",-0.158336400112345,6.90121367780012e-11,5.45158260362624e-10,-9.263477402999,-30
"RSKR",-0.114089104463416,6.64375542203623e-11,5.26414691459274e-10,-9.27867199870516,-29
"PPP1R10",-0.142824668506066,6.27980370871385e-11,4.9970225728521e-10,-9.30128868873172,-28
"RAB11FIP1",-0.172899116874462,5.89407135869751e-11,4.71598028589772e-10,-9.32642801904424,-27
"CRMP1",-0.100217485130738,5.87463021481437e-11,4.7033104519097e-10,-9.32759635378605,-26
"BCAT1",-0.119234822137652,5.65505668396552e-11,4.53587018894701e-10,-9.34333938291381,-25
"MGAT3",-0.150915552854411,5.29344486119954e-11,4.26681754510287e-10,-9.36989592776388,-24
"PIEZO1",-0.142479846616891,5.12416475697086e-11,4.1380406662795e-10,-9.38320524565337,-23
"P3H4",-0.115382271623535,4.9203813206115e-11,3.98086930418208e-10,-9.40002208049284,-22
"CHERP",-0.110402619221443,4.44231985676767e-11,3.62784818860137e-10,-9.44035089477406,-21
"EGLN2",-0.146088282214519,4.21889527804512e-11,3.45620805378546e-10,-9.46140012212737,-20
"RHOU",-0.130367046392869,4.11201061589994e-11,3.38352318312726e-10,-9.47063084348382,-19
"FKBP5",-0.105937698314186,3.87690560814229e-11,3.20828698866699e-10,-9.49372679000766,-18
"BCL9L",-0.186886163447433,3.67693946668501e-11,3.05833192120573e-10,-9.51451538232285,-17
"SMARCC2",-0.105040542021102,3.4638757244894e-11,2.88848255746744e-10,-9.53933025066663,-16
"MAST3",-0.1120165027146,3.38409994368096e-11,2.82919432471071e-10,-9.54833722177201,-15
"IGF2BP3",-0.154416449768302,3.05416868380835e-11,2.57482016640133e-10,-9.58925309806625,-14
"OSR1",-0.129247372888304,2.77999099537687e-11,2.35279964709313e-10,-9.62841505364274,-13
"GCN1",-0.100072487894649,2.75453496427319e-11,2.33884407578456e-10,-9.63099873042837,-12
"SEMA7A",-0.132069346540171,2.60827134689818e-11,2.221886016084e-10,-9.65327822435801,-11
"NHSL2",-0.110447198958229,2.29700194523061e-11,1.97869876946483e-10,-9.70362031631241,-10
"SRRM2",-0.125614904410408,2.25195218457402e-11,1.94374324230406e-10,-9.71136110351213,-9
"PSMC3IP",-0.116156269699931,2.17035813158847e-11,1.87704315332738e-10,-9.72652574280938,-8
"PITX2",-0.225382123503572,2.09775088319067e-11,1.82028390010464e-10,-9.73986087210645,-7
"PFKFB3",-0.117708212409053,2.02391958808123e-11,1.7620800579276e-10,-9.75397436384319,-6
"AL365205.1",-0.121085950565463,1.99734191695047e-11,1.74126559364091e-10,-9.75913498129196,-5
"AC125807.2",-0.135157965067264,1.99561330297898e-11,1.74092232089979e-10,-9.75922060645717,-4
"ARHGEF11",-0.110930849845664,1.89312433537518e-11,1.66151598801905e-10,-9.77949547534522,-3
"SLC9B2",-0.148774693494407,1.73593151765457e-11,1.52766658928819e-10,-9.81597141947251,-2
"LPCAT3",-0.134895665723198,1.73040590808693e-11,1.52486174684255e-10,-9.81676953028783,-1
"TRAF3",-0.110357616557352,1.52198617289004e-11,1.34757255036198e-10,-9.87044784404572,-785
"ACVR2B",-0.101981277942183,1.43025399775178e-11,1.27469023444531e-10,-9.89459534136017,-784
"KIF26B",-0.196054210753105,1.36768505945166e-11,1.22006487998417e-10,-9.91361707402205,-783
"DBF4B",-0.107175351871675,1.30262713067886e-11,1.1668175163677e-10,-9.93299705983422,-782
"NOTCH2",-0.117401278669859,1.29159470075585e-11,1.1585266910081e-10,-9.93609395615626,-781
"SALL2",-0.114554827146706,1.27801543251847e-11,1.14792543188057e-10,-9.94008632236889,-780
"ZNF384",-0.166553895827414,1.25357587534854e-11,1.12908401700937e-10,-9.94727374030183,-779
"SLC13A3",-0.144049444631374,1.17172632340061e-11,1.06122602151325e-10,-9.97419210955565,-778
"TLL1",-0.14521058065463,1.12166638554362e-11,1.01800786362282e-10,-9.99224886726959,-777
"GNB3",-0.135514594060119,1.01891108622152e-11,9.27977540956781e-11,-10.0324625345102,-776
"SRCAP",-0.1643154746502,9.81389516966657e-12,8.96936375632736e-11,-10.0472383626322,-775
"BAZ2A",-0.104642825997508,9.77812533603025e-12,8.94921478122853e-11,-10.048215068722,-774
"ST6GAL2",-0.156560505642947,9.52856377265138e-12,8.74535740485006e-11,-10.0582224370964,-773
"ABCC10",-0.107092950736718,9.41590491451591e-12,8.64804449965609e-11,-10.0630820843293,-772
"DLG5",-0.224843103908392,9.01825867572029e-12,8.3297542244153e-11,-10.0793678125854,-771
"CRABP2",-0.218406343767446,8.93328737514866e-12,8.25711792676745e-11,-10.0831715128392,-770
"AL162586.1",-0.106565012504633,8.71664580257544e-12,8.06831047247614e-11,-10.0932173982767,-769
"CENPP",-0.114409975008303,8.36928746217075e-12,7.77991782477769e-11,-10.1090249902126,-768
"URB1",-0.119951327001438,7.49132243293247e-12,7.00873939528732e-11,-10.1543600880109,-767
"XPC",-0.114914430178722,7.41435259737578e-12,6.94170757896446e-11,-10.1585336850347,-766
"PTH1R",-0.153569728177834,7.19437281399076e-12,6.74543567505877e-11,-10.1709899948189,-765
"ZNF761",-0.120597192305645,6.13208695535496e-12,5.82481267820389e-11,-10.2347180366763,-764
"SNHG4",-0.10587675394596,5.53065611866658e-12,5.28044049045751e-11,-10.2773298474291,-763
"TBKBP1",-0.100417704913761,5.28809243604454e-12,5.07859363408637e-11,-10.2942565360461,-762
"KCNS3",-0.116682988069247,5.12277087107099e-12,4.92707800151238e-11,-10.3074105622718,-761
"PLXNA4",-0.142855392814078,4.94803614217087e-12,4.76604781138792e-11,-10.3218416052716,-760
"EPHA4",-0.162048931754887,4.76206467353409e-12,4.6005072201653e-11,-10.3371942833673,-759
"WNT11",-0.103002343056222,4.38033673109959e-12,4.24357845949099e-11,-10.3722677637456,-758
"IRX2",-0.126969111319555,4.35768118194091e-12,4.22549278623594e-11,-10.3741226353857,-757
"SARM1",-0.145050827000609,4.15354621943523e-12,4.05164919924265e-11,-10.3923681638617,-756
"KLHL3",-0.11694302213448,4.08632144016927e-12,3.99737843333075e-11,-10.3982247349705,-755
"EDIL3",-0.132617224550311,4.09178056164435e-12,3.99737843333075e-11,-10.3982247349705,-754
"BRPF3",-0.109966684281241,3.94337511296321e-12,3.87270317946282e-11,-10.4119857879252,-753
"DNMT1",-0.102922692812467,3.53453924279738e-12,3.49048334543336e-11,-10.4571144298546,-752
"SMG6",-0.158408755114601,3.38779879854449e-12,3.36509306402264e-11,-10.4730029205536,-751
"IGDCC4",-0.117344448771642,3.27652216385151e-12,3.25952723577051e-11,-10.4868453857557,-750
"ZMIZ1",-0.102962597774226,3.20186300067852e-12,3.19012202099689e-11,-10.4961927050205,-749
"ANKRD52",-0.114757895009575,2.97160562870348e-12,2.9743423338105e-11,-10.5266090475395,-748
"CEP170B",-0.131153804221655,2.84651701367271e-12,2.85571345325534e-11,-10.5442853724958,-747
"PPL",-0.103514731793835,2.47994646701664e-12,2.49563748632956e-11,-10.6028184995668,-746
"MIR17HG",-0.118612115420777,2.45970627527067e-12,2.47909499552397e-11,-10.6057068313437,-745
"ESPL1",-0.125150068055728,2.17626355399866e-12,2.21567753873931e-11,-10.6544934449077,-744
"SEPT6",-0.127821730642678,1.97375946468723e-12,2.02850834818368e-11,-10.6928232006475,-743
"ATXN2L",-0.10414895031111,1.73925551960259e-12,1.80169741752637e-11,-10.7443181439522,-742
"PRAG1",-0.112207615113905,1.59981217936142e-12,1.6638556972274e-11,-10.7788843418767,-741
"CCNJ",-0.120500094088985,1.56015552307256e-12,1.62540249741749e-11,-10.7890390772928,-740
"WT1",-0.143658658963332,1.50066250277652e-12,1.57103170332508e-11,-10.8038150508351,-739
"IL18BP",-0.176063720431423,1.45583810281244e-12,1.52874722519162e-11,-10.815664318237,-738
"NPPC",-0.273102954807106,1.31862168874032e-12,1.39250721170455e-11,-10.8562025469655,-737
"HASPIN",-0.117626544215589,1.30279453061393e-12,1.3780248392755e-11,-10.8607429540807,-736
"KMT2B",-0.100955829694146,1.20759203054878e-12,1.28044026523717e-11,-10.892640677315,-735
"ZNF425",-0.109654142229139,1.20064050332901e-12,1.27410524364661e-11,-10.8947946969244,-734
"ZNF142",-0.114810756266447,1.09570516192292e-12,1.16654585484071e-11,-10.9330981851918,-733
"SETD1B",-0.103518415210837,1.07629489342126e-12,1.14681683006537e-11,-10.9405059422072,-732
"TRAF4",-0.103876503537849,1.06091854505071e-12,1.13228311493874e-11,-10.9460449690112,-731
"HCFC1",-0.102997877425421,1.03726093815104e-12,1.10794079896527e-11,-10.9554834448148,-730
"BASP1",-0.135494449378168,9.23292313835831e-13,9.93529567413112e-12,-11.0028192037698,-729
"SLC36A1",-0.151221567782389,8.91342915612406e-13,9.59941726293724e-12,-11.0177551302075,-728
"NR2F1",-0.232912778572836,8.27175794818013e-13,8.93048569206666e-12,-11.049124920994,-727
"SP6",-0.251225122023923,8.13775882175807e-13,8.79309449489384e-12,-11.0558582596759,-726
"FBXW8",-0.115601436024093,7.9782408971905e-13,8.63503882001316e-12,-11.0637357056611,-725
"CLDN11",-0.164524424085292,7.9748397907985e-13,8.63503882001316e-12,-11.0637357056611,-724
"ADD2",-0.12444932247453,7.42643781911499e-13,8.09152899222204e-12,-11.0919694054406,-723
"USP22",-0.131669256847564,6.94027747945685e-13,7.57448526251684e-12,-11.1206468750691,-722
"PEAR1",-0.114808584970474,6.65463450055586e-13,7.31168855570763e-12,-11.1359823158271,-721
"MED12",-0.121089340368529,6.57258291776753e-13,7.23983331195306e-12,-11.1402714327714,-720
"ACSM3",-0.166125718189688,5.99015270442129e-13,6.64316084787946e-12,-11.1776252320533,-719
"CYP27C1",-0.144425049025044,5.8532268533889e-13,6.50236666285333e-12,-11.1869285446578,-718
"JAG1",-0.106026162067693,5.662949566592e-13,6.3092373048493e-12,-11.2000231374778,-717
"EP300",-0.107169378572044,5.6270732437089e-13,6.27786905427301e-12,-11.2021877471896,-716
"C14orf132",-0.138757646174584,5.07245196930956e-13,5.71285998132429e-12,-11.243146420099,-715
"NDOR1",-0.143546995884494,4.94328299366152e-13,5.57701529440601e-12,-11.2535981644977,-714
"PSMG3-AS1",-0.121498323960812,4.77748028532838e-13,5.40867169108096e-12,-11.2669093796375,-713
"MMRN1",-0.211151449003166,4.63779818685259e-13,5.2688296126247e-12,-11.2782858457418,-712
"FANCA",-0.138427031994377,4.60997867575873e-13,5.24179092321233e-12,-11.2805203055386,-711
"LLGL1",-0.101846911482741,4.46241823443717e-13,5.08731281586797e-12,-11.2935115570358,-710
"EFR3B",-0.118386202790483,4.16478814969791e-13,4.76466377617195e-12,-11.3219677404202,-709
"GSTCD",-0.109255694027071,4.01191304413669e-13,4.60593045084778e-12,-11.3366826241315,-708
"AC074117.1",-0.121670055057806,4.00242116247282e-13,4.60169900690319e-12,-11.3370817915596,-707
"TTF2",-0.111719937744453,3.84703597989568e-13,4.44009232299111e-12,-11.3526079994915,-706
"MAPK13",-0.155416173411319,3.75628228372065e-13,4.34303488867772e-12,-11.3622066818283,-705
"GPR173",-0.10502091400964,3.66195345134483e-13,4.24526194777237e-12,-11.3720955070779,-704
"PMM2",-0.136993076467146,3.61102204245896e-13,4.18994212435496e-12,-11.3777919758993,-703
"AL031985.3",-0.100295347975376,3.37394298898528e-13,3.92533135257324e-12,-11.4061236768754,-702
"COLEC11",-0.139499662870048,3.35025396610974e-13,3.90125109160743e-12,-11.4087960968068,-701
"LINC00664",-0.145347378429297,3.29044515290224e-13,3.84189665927941e-12,-11.4154543211267,-700
"PLAT",-0.12140382676263,2.90843761980522e-13,3.43585538383149e-12,-11.4639651240392,-699
"ADAMTS10",-0.11349309376079,2.85515011884639e-13,3.37596263372572e-12,-11.4716023689352,-698
"PLXNA2",-0.129421173782744,2.66717131427088e-13,3.16229529824735e-12,-11.499997577664,-697
"GABRB2",-0.185427678367049,2.46387045803791e-13,2.93191592278562e-12,-11.5328484879169,-696
"TMEM132A",-0.130977468763754,2.43006951854393e-13,2.89433485487213e-12,-11.5384512253903,-695
"TMEM132C",-0.170942428745027,2.42559711399544e-13,2.8916487715474e-12,-11.5388544589025,-694
"NRCAM",-0.168026100018327,2.35547857106195e-13,2.81577924141063e-12,-11.5504013971135,-693
"XKR5",-0.182831309833715,2.04973199384092e-13,2.46156580696808e-12,-11.6087885494012,-692
"AMOTL1",-0.108821946661442,1.77274629698384e-13,2.15071229816402e-12,-11.6674176815124,-691
"CCDC3",-0.114573683307824,1.68153525668234e-13,2.05150447311984e-12,-11.6879275317562,-690
"TMEM108",-0.143599421281037,1.67449450183363e-13,2.04482746188335e-12,-11.6893433309394,-689
"TYMS",-0.114652816525087,1.59781272014139e-13,1.95852194512067e-12,-11.7080715578453,-688
"GRAMD1B",-0.12602227173989,1.58796410560441e-13,1.94828107857881e-12,-11.7103483872573,-687
"SLX4",-0.135443519502049,1.58168488906896e-13,1.94240436188676e-12,-11.7116603553468,-686
"NLGN3",-0.106986187115414,1.53198766978963e-13,1.89206280202617e-12,-11.723064452437,-685
"ST6GALNAC3",-0.149471237321747,1.35544924847422e-13,1.68842111734486e-12,-11.7725192246952,-684
"SLC35G1",-0.122618790927381,1.34213988716375e-13,1.67344057441583e-12,-11.7763897052731,-683
"MRVI1",-0.162780869116626,1.20760707541167e-13,1.51730361055096e-12,-11.8189275087361,-682
"SLC22A23",-0.133553220784783,1.14857337222192e-13,1.4529286052879e-12,-11.837755725751,-681
"ITGA5",-0.108514631227245,1.13677532952959e-13,1.43940037356553e-12,-11.8418183889367,-680
"CPAMD8",-0.146721092444709,1.13107406611876e-13,1.4335731749583e-12,-11.8435801341305,-679
"MDC1",-0.148065151067628,1.12125879375975e-13,1.42251529068235e-12,-11.8469430566564,-678
"AMIGO2",-0.127551197603186,1.02874591544887e-13,1.31667362407106e-12,-11.8805218642418,-677
"IFFO2",-0.127003454737162,1.02008383626008e-13,1.3081547091941e-12,-11.8833408910453,-676
"ADAMTSL4",-0.139851794697981,1.01595257971532e-13,1.30413912841015e-12,-11.8846760746488,-675
"NRG1",-0.202252897707548,1.00311473316986e-13,1.29019944280092e-12,-11.8893431500009,-674
"JAK3",-0.187662717161747,8.22690145846138e-14,1.06974325843722e-12,-11.9707204417758,-673
"ZSWIM5",-0.168652019475058,7.40010011587457e-14,9.67055167447255e-13,-12.0145487500799,-672
"MEG9",-0.160278333254715,7.04317128299609e-14,9.23186330380251e-13,-12.034710634739,-671
"PFKFB4",-0.138801342615677,6.97695626955279e-14,9.16349080236732e-13,-12.0379390517247,-670
"DDIAS",-0.11124245079671,6.49551224572408e-14,8.58302641425871e-13,-12.066359550932,-669
"UNC5C",-0.119896809229907,6.39766912500199e-14,8.47090362723613e-13,-12.0720702591628,-668
"PLXND1",-0.11766157419347,6.14106346062005e-14,8.17262751565375e-13,-12.0876382944964,-667
"CTHRC1",-0.125425191088583,5.19197141173264e-14,6.97360362016653e-13,-12.1565427415695,-666
"C1RL",-0.122942322859312,4.53357860314442e-14,6.13986834290857e-13,-12.2118409413281,-665
"KCNE3",-0.165200596455873,4.48679853053749e-14,6.0891598788002e-13,-12.2154426228302,-664
"GDPD5",-0.113055645002947,4.10015157567288e-14,5.59353314329767e-13,-12.2523137842553,-663
"NADK",-0.103042697334612,3.7080712411224e-14,5.08524344129531e-13,-12.2936882516536,-662
"MAGEL2",-0.100820228552816,3.31402439787099e-14,4.56404500496658e-13,-12.3406500817577,-661
"SH3BP5",-0.215813726135089,3.13199730369015e-14,4.33625359179691e-13,-12.3628853274158,-660
"SLC16A9",-0.131861324157982,2.80019960321836e-14,3.91008599841262e-13,-12.4078136906283,-659
"BLM",-0.118071512901678,2.72533240785019e-14,3.80962328651471e-13,-12.4191179672841,-658
"LRFN1",-0.170886436111607,2.54751136218257e-14,3.5879744260891e-13,-12.4451506611263,-657
"MAP3K12",-0.116487960942493,2.53792486734711e-14,3.57833687783146e-13,-12.4463187757596,-656
"RAB11FIP3",-0.130324801956006,2.44226654593268e-14,3.46217829261456e-13,-12.4606505709191,-655
"SEC16A",-0.100007129192598,2.24778773379737e-14,3.196908137861e-13,-12.4952698428629,-654
"DGCR8",-0.110709585925816,2.2306964801822e-14,3.17606370027688e-13,-12.4981107957911,-653
"ADARB1",-0.111999820966416,2.18291069113895e-14,3.11482726847201e-13,-12.5065660319677,-652
"ABAT",-0.155411109890793,2.144426558576e-14,3.06326518915095e-13,-12.5138154043689,-651
"AP1G2",-0.1414209485505,2.14026586776874e-14,3.06067406221929e-13,-12.5141829168961,-650
"CTDSP2",-0.108201853106736,1.93714962414285e-14,2.78855467969879e-13,-12.5546208351751,-649
"ANKEF1",-0.125259900852465,1.9233817257375e-14,2.77486111361377e-13,-12.5567587491541,-648
"SETDB1",-0.113284380947632,1.89807884773567e-14,2.74138918407183e-13,-12.5620293050308,-647
"WNT5A",-0.180466573443668,1.75000668152516e-14,2.54377825410808e-13,-12.5945207496331,-646
"STK36",-0.123603215580429,1.58758152596193e-14,2.31861570678562e-13,-12.6347712264602,-645
"GLI2",-0.163460552071304,1.54844529115215e-14,2.26653462258208e-13,-12.6446376424639,-644
"SLC24A1",-0.115581248095285,1.48595153785963e-14,2.17750336592868e-13,-12.6620411649985,-643
"NTNG1",-0.213429200972041,1.33148890900084e-14,1.96662268982887e-13,-12.7062789544902,-642
"EPHA2",-0.112055785450708,1.21449825588194e-14,1.80816053118861e-13,-12.7427630148372,-641
"TENM3",-0.152652634134977,1.11013983617019e-14,1.66037198891418e-13,-12.7797946019393,-640
"CCN4",-0.114127384718217,1.10409477017107e-14,1.65403615063897e-13,-12.781455002733,-639
"GCNT1",-0.187237280575035,1.09492136586018e-14,1.64705472359267e-13,-12.7832919711038,-638
"PRR5L",-0.11041216196824,1.08254555556916e-14,1.63220336829283e-13,-12.7872257302483,-637
"CACNA1A",-0.221162109048072,1.06271276375217e-14,1.6060138893228e-13,-12.7942507031232,-636
"SLC1A5",-0.131637091207555,1.0217650017109e-14,1.54951850608298e-13,-12.8098032325633,-635
"COL4A5",-0.115821201701964,1.01172659548172e-14,1.53608128734256e-13,-12.8135858014202,-634
"PTGIS",-0.118414017166173,9.96247429999395e-15,1.51434253870071e-13,-12.8197758779129,-633
"POLE",-0.124592546281384,9.82990632458642e-15,1.49593510251174e-13,-12.8250872468675,-632
"HMGN1",-0.104059834599786,8.95132657905398e-15,1.37183550227993e-13,-12.8626979620514,-631
"SYNGAP1",-0.240260770603838,7.89538607143489e-15,1.21572166639497e-13,-12.9151658433076,-630
"SLC26A6",-0.10998116348943,6.88758988581786e-15,1.06810876683515e-13,-12.971384520312,-629
"WWP2",-0.104211323368829,6.26720411263372e-15,9.78884742957713e-14,-13.0092684404177,-628
"EXO1",-0.103922539173947,5.95680862659465e-15,9.36008410940331e-14,-13.0287202486886,-627
"POM121",-0.188652299090782,5.94914897645479e-15,9.35932460204141e-14,-13.0287554901711,-626
"CACNA2D2",-0.131205433557975,5.90009833424514e-15,9.29336744869869e-14,-13.0318268910231,-625
"GRB10",-0.107091837635981,5.03984296362786e-15,8.00604530226973e-14,-13.0965819567653,-624
"E2F2",-0.116752161491808,4.59665683275774e-15,7.32880176195923e-14,-13.1349670254554,-623
"NFATC1",-0.105565822263337,4.50988069661478e-15,7.2080715741728e-14,-13.1421809095825,-622
"PPRC1",-0.105504008858254,4.3869395761653e-15,7.02017987145373e-14,-13.1536517602094,-621
"SHC1",-0.102476463122011,3.7383290355397e-15,6.04904308703583e-14,-13.2183133220234,-620
"VWA5A",-0.137027242872841,3.7358116700077e-15,6.04904308703583e-14,-13.2183133220234,-619
"AGRN",-0.143158241507239,3.56087480851035e-15,5.7964951752608e-14,-13.2368345212862,-618
"ADGRA2",-0.187554502394334,3.53240554934181e-15,5.75870414681448e-14,-13.2396752327579,-617
"GIMAP8",-0.129576012792352,3.52265044616712e-15,5.74998837533311e-14,-13.2403330333162,-616
"AC106820.4",-0.117633087273736,3.38457144938776e-15,5.53846685607467e-14,-13.256610438899,-615
"SKI",-0.115514199553952,2.80420367313556e-15,4.64117059708552e-14,-13.3333724677777,-614
"ZNF90",-0.131086212286196,2.78567009518647e-15,4.61635443220101e-14,-13.3357008545231,-613
"AMPD3",-0.186505699766926,2.74211419170905e-15,4.56156291942213e-14,-13.3408863303652,-612
"SPECC1",-0.100518100288102,2.70156601843084e-15,4.49984981000959e-14,-13.3468019812852,-611
"CECR2",-0.14832031627671,2.61504345001464e-15,4.37248675321678e-14,-13.3592714975757,-610
"FJX1",-0.10934393004765,2.55172004005818e-15,4.27757490519779e-14,-13.3688023767303,-609
"ZNF469",-0.168427047835306,2.41302879961281e-15,4.05028592079154e-14,-13.3925143176646,-608
"SCRN1",-0.115903382921712,2.20212770916242e-15,3.7298895562203e-14,-13.4283040276643,-607
"ROBO3",-0.137780621557042,2.17402844853765e-15,3.69188528982135e-14,-13.4327518013546,-606
"ZSWIM4",-0.146321749056255,1.92969676189872e-15,3.29844104438836e-14,-13.4816912739985,-605
"FASN",-0.129266173976121,1.88263968649678e-15,3.23496532164571e-14,-13.4901303705435,-604
"TMEM200B",-0.132917939085992,1.85727040399254e-15,3.19980457184554e-14,-13.4948765454179,-603
"LOXL3",-0.111780164240134,1.85003536565707e-15,3.19155571943116e-14,-13.4959975690846,-602
"DLG4",-0.101798427199237,1.63507673044017e-15,2.85177240767125e-14,-13.5448851373183,-601
"PTPRS",-0.188225327860809,1.37723032043102e-15,2.4207328624072e-14,-13.6160531340542,-600
"HS3ST1",-0.170360252670609,1.25329846476018e-15,2.21483991563717e-14,-13.6546576582752,-599
"MGST1",-0.175135609093675,1.2529623477285e-15,2.21483991563717e-14,-13.6546576582752,-598
"ZNF334",-0.124131464439234,1.11369229589419e-15,1.99516139052912e-14,-13.7000219680568,-597
"URB2",-0.115437779990151,1.06546940252565e-15,1.92197122375374e-14,-13.7162531189872,-596
"ZNF124",-0.125653933622837,1.03127561451215e-15,1.86286656017554e-14,-13.7298182531311,-595
"NLN",-0.101953487122722,1.00056315517246e-15,1.80989523852417e-14,-13.7423465625052,-594
"SLC9A1",-0.113258671561971,9.67193275838986e-16,1.75439981967901e-14,-13.7558714259683,-593
"GALNT2",-0.119028732556211,8.6573954829216e-16,1.57255921849949e-14,-13.8033929911715,-592
"MINK1",-0.132358268849334,8.28311279952762e-16,1.51088611372642e-14,-13.8207682703031,-591
"GMIP",-0.172776093770758,7.03867118848327e-16,1.29293450197463e-14,-13.8884234752368,-590
"STXBP1",-0.100197999454043,7.01530976694575e-16,1.29228347430094e-14,-13.8886422093898,-589
"GAREM2",-0.137369867488464,6.85088503544398e-16,1.27097073445605e-14,-13.8958644494543,-588
"BCL9",-0.109607295992507,6.68461123461214e-16,1.24189030942752e-14,-13.9059167617392,-587
"HCN4",-0.129782853219815,6.06144936958801e-16,1.13257052547517e-14,-13.9459347448374,-586
"AMOT",-0.120322614167868,5.20939782709635e-16,9.86080790435276e-15,-14.0060875014859,-585
"SLC7A1",-0.134122577224513,5.16792544643651e-16,9.79652378959665e-15,-14.0089280025541,-584
"LRP4",-0.131902341423672,4.32407805689054e-16,8.2690067475024e-15,-14.0825466536863,-583
"XRCC2",-0.164887145882074,3.96052498018335e-16,7.60724105913862e-15,-14.1187728215529,-582
"DNM1",-0.143578663594123,3.87068398350305e-16,7.47873489079212e-15,-14.1261718615495,-581
"TGFB2",-0.217784522946024,3.86012789508592e-16,7.46940474891848e-15,-14.1267140065595,-580
"ENOSF1",-0.112001636786598,3.82394606486983e-16,7.421414371731e-15,-14.1295133190738,-579
"SFXN2",-0.133753441323417,3.39268564489823e-16,6.62386320071298e-15,-14.1788886453942,-578
"PASK",-0.128526631720479,3.37780951761794e-16,6.60470640611291e-15,-14.1801464829759,-577
"KSR1",-0.171297875203749,3.16700774918312e-16,6.20181907880574e-15,-14.2074809072735,-576
"LYPD6",-0.134392507018981,2.38134181914656e-16,4.70567575838022e-15,-14.3273780009164,-575
"NCAPD2",-0.109168631589802,2.25823892845125e-16,4.48279331885254e-15,-14.3484512840097,-574
"FOXP4",-0.125269157624124,2.09224548073919e-16,4.18883816497874e-15,-14.3779064182051,-573
"CAMK1D",-0.156555359680719,2.09438077431855e-16,4.18883816497874e-15,-14.3779064182051,-572
"KLHL4",-0.200327932639111,1.99550286489786e-16,4.01006908536178e-15,-14.3968481453018,-571
"RSPO3",-0.273277522345124,1.97331887026539e-16,3.97160875092611e-15,-14.4010335410636,-570
"TONSL",-0.118212246849288,1.46450730910251e-16,2.98906170975195e-15,-14.5244651187753,-569
"SMURF1",-0.11486351678034,1.42893438660251e-16,2.93021419340722e-15,-14.5331006323371,-568
"DRP2",-0.169799113070616,1.3101590841954e-16,2.69512535900259e-15,-14.5694210295656,-567
"AFAP1",-0.135520846557383,1.27873817399475e-16,2.63881380779106e-15,-14.5785912521072,-566
"SDC3",-0.106470553428489,1.21261216729035e-16,2.51429060187611e-15,-14.5995845279637,-565
"ZNF738",-0.104844138013345,1.10476623473334e-16,2.29798424774996e-15,-14.6386529526446,-564
"ENPP1",-0.188926757505642,1.05209846786342e-16,2.19895324004402e-15,-14.6577840056582,-563
"NPR1",-0.125568218874043,1.02353071299921e-16,2.14267858088855e-15,-14.669042971756,-562
"PLK1",-0.11007351570497,9.20318639387269e-17,1.93906230935198e-15,-14.7124082351849,-561
"ADAMTS8",-0.16161686119511,8.92859029281724e-17,1.89344186339711e-15,-14.7227480249997,-560
"CHST6",-0.141347601320016,7.60842578457224e-17,1.63205738622354e-15,-14.7872645746985,-559
"B4GALNT4",-0.195512627936019,7.07275014167829e-17,1.52719879714848e-15,-14.816104426673,-558
"SEMA4G",-0.150395183162771,6.62510750929147e-17,1.43529322485348e-15,-14.8430593651831,-557
"IGSF9",-0.257082618367243,6.17646136343851e-17,1.34479814861377e-15,-14.8713428974622,-556
"ACVR1B",-0.101090305780631,5.92809269054584e-17,1.29721786694797e-15,-14.8869870782973,-555
"LRIG3",-0.169150397704355,5.92468690396381e-17,1.29721786694797e-15,-14.8869870782973,-554
"PTPRF",-0.145888531260649,5.13394082726736e-17,1.13102797752062e-15,-14.9465266520749,-553
"KCNQ5",-0.135457509198362,4.64890222334889e-17,1.02938850249433e-15,-14.9874206868058,-552
"NEK6",-0.168725272842307,4.29906004179014e-17,9.55167650170818e-16,-15.0199203947472,-551
"FCHSD1",-0.132009646791558,3.66509853385513e-17,8.22723151093607e-16,-15.0847462816524,-550
"CNTFR",-0.137523956579148,3.52044646347531e-17,7.95676953126361e-16,-15.0992632211459,-549
"TIMELESS",-0.126497322697372,2.73587059299888e-17,6.25986390770024e-16,-15.2034351084473,-548
"FZD2",-0.124236770346032,2.12727766218192e-17,4.94544657222398e-16,-15.305794485645,-547
"PLVAP",-0.1888560875109,1.96215326618983e-17,4.58609370925588e-16,-15.3385570754245,-546
"HELLS",-0.109610844712341,1.83860587912081e-17,4.30504450188396e-16,-15.3660223548206,-545
"NEO1",-0.1199872810668,1.60861713438552e-17,3.79377661241518e-16,-15.4209282451004,-544
"TENM4",-0.178919410319627,1.2539414147039e-17,2.98428903842488e-16,-15.5251591162818,-543
"ERMAP",-0.12109583837484,1.16486099995608e-17,2.78754443328938e-16,-15.5547782012609,-542
"KIAA1671",-0.137514537740896,1.15411633988386e-17,2.76690906337596e-16,-15.5580051140513,-541
"CNN2",-0.137562638116733,8.96700715974009e-18,2.16569828476537e-16,-15.6644020474284,-540
"CNTN6",-0.271668134102112,8.48829667262079e-18,2.05770195547064e-16,-15.6866175297039,-539
"COL4A6",-0.147064562495569,8.09151523788479e-18,1.97251479873819e-16,-15.7049797298239,-538
"MYORG",-0.12833903894998,7.82837123671823e-18,1.91194040579174e-16,-15.7185256485867,-537
"HUNK",-0.149484010700762,7.39048433029475e-18,1.8186169176548e-16,-15.7402587732125,-536
"SH3D21",-0.247548475841578,6.12555074185761e-18,1.52170348143442e-16,-15.8176699657801,-535
"GINS4",-0.130557450999825,5.84532150102047e-18,1.45486036290666e-16,-15.8371786881415,-534
"DOK4",-0.158930808133013,5.66244512246028e-18,1.41745891146117e-16,-15.8484895213482,-533
"FOXM1",-0.168708599625592,5.09977693658172e-18,1.28400175302893e-16,-15.8914343833308,-532
"PLEKHH1",-0.187018331867407,5.04693600995775e-18,1.27315550177696e-16,-15.8951185488685,-531
"SLC25A13",-0.104868538956819,4.9341676540659e-18,1.24712043690557e-16,-15.9040916038127,-530
"GALNT10",-0.119770242076959,4.62136430970497e-18,1.17032686072179e-16,-15.9316928271574,-529
"CENPO",-0.101288490977052,4.25437562369887e-18,1.08370247820861e-16,-15.9650899334874,-528
"IRX1",-0.191314881789422,3.85393776156182e-18,9.8362145374343e-17,-16.0071720074437,-527
"TMEM51",-0.127866103300497,3.23117425437481e-18,8.36511143785512e-17,-16.0775282691041,-526
"RELN",-0.276688459856953,2.68346778054989e-18,7.05600540200234e-17,-16.1514410953849,-525
"CELSR3",-0.16167461749475,2.58874588333809e-18,6.82110722920896e-17,-16.1661451232166,-524
"ANKRD6",-0.103095039687794,2.14646153321556e-18,5.68986815369864e-17,-16.2448977970117,-523
"MN1",-0.121712781280085,1.94414654958262e-18,5.18518595085e-17,-16.2852356643511,-522
"LINC00205",-0.114756468764387,1.93743972132096e-18,5.17788705849752e-17,-16.285847426749,-521
"CCNF",-0.126497169225926,1.89296296931677e-18,5.06940924965693e-17,-16.2950426470892,-520
"INCENP",-0.173664665350172,1.57215570908555e-18,4.25395326927257e-17,-16.3712072852392,-519
"VCAN",-0.142981635714653,1.38313382645951e-18,3.75182583447209e-17,-16.4257573304431,-518
"COL22A1",-0.300634168158883,1.36980164768361e-18,3.74527318429553e-17,-16.4265164988978,-517
"LEPR",-0.203823650161276,1.23194434204911e-18,3.4040292603823e-17,-16.4680067154594,-516
"ENTPD4",-0.112308544971782,9.36748108917099e-19,2.64438719404693e-17,-16.5776749546605,-515
"LGI2",-0.207942681159931,9.33026725837764e-19,2.63959534888853e-17,-16.5784626455599,-514
"GPC2",-0.113616671719537,8.76248094475017e-19,2.50066250506415e-17,-16.6019449176572,-513
"QTRT2",-0.106139368487829,8.25155834007008e-19,2.36001806735075e-17,-16.627084672233,-512
"BOC",-0.19250799895276,8.10847238904024e-19,2.32931050435821e-17,-16.6327726147968,-511
"POLR1A",-0.128991259505646,7.48243798305772e-19,2.16857680388975e-17,-16.6638251919543,-510
"TNFRSF10D",-0.138536385355314,6.45166302914776e-19,1.88660513959967e-17,-16.7243189867653,-509
"ZNF423",-0.11292573525111,5.76882600723534e-19,1.70219522141094e-17,-16.7689906330179,-508
"POLR2A",-0.138932958500964,5.68775439344088e-19,1.68207920179719e-17,-16.7741535590175,-507
"MOV10",-0.120514104890356,4.53993593363967e-19,1.36197982572955e-17,-16.8658293253448,-506
"SYT7",-0.263262978124117,4.54271756013153e-19,1.36197982572955e-17,-16.8658293253448,-505
"MYCN",-0.108134138385021,4.49612379184587e-19,1.36052080030751e-17,-16.866294814127,-504
"TBX3",-0.162614413979251,4.03197643132116e-19,1.22290782830908e-17,-16.9126062749059,-503
"ARID3A",-0.148616563633903,3.6377406393126e-19,1.10590707267867e-17,-16.9562813644585,-502
"NINL",-0.143629670169171,2.87853148582435e-19,8.86791067294564e-18,-17.0521786902127,-501
"ENC1",-0.111482068829399,2.49394361430573e-19,7.72589373343833e-18,-17.1120512696961,-500
"SAMD11",-0.172201627118856,2.43855404418952e-19,7.57229091531422e-18,-17.1207727094879,-499
"ZBTB39",-0.15767601257598,1.66235510302058e-19,5.23682010956388e-18,-17.2809323443276,-498
"ORC1",-0.134392572195556,1.58717449870745e-19,5.01208954289168e-18,-17.299981178772,-497
"CDCA7",-0.120244504956951,1.56566238740774e-19,4.95615748945915e-18,-17.3048549017075,-496
"ACLY",-0.115176324479175,1.41401465536619e-19,4.51999488609946e-18,-17.344862056547,-495
"EML4",-0.103973168082005,1.40772533877184e-19,4.51094689637895e-18,-17.3457322854594,-494
"TNFRSF10B",-0.120523343454989,9.68072962577655e-20,3.18828474190348e-18,-17.4964428992222,-493
"C22orf46",-0.103636106092824,9.02245947522792e-20,2.98657148416047e-18,-17.5248270858709,-492
"ZMYM3",-0.108988509536826,7.52109205481883e-20,2.49593085442614e-18,-17.6027674502224,-491
"RCC2",-0.131605963010224,4.41825408138171e-20,1.48896304210285e-18,-17.8271160818381,-490
"ABTB2",-0.140860427374844,4.3580330197658e-20,1.47247322911362e-18,-17.831952592333,-489
"LMNB1",-0.110540104783508,4.05627743009253e-20,1.38412473531012e-18,-17.8588247701279,-488
"CAD",-0.133967584590137,3.23453460749429e-20,1.12193617954629e-18,-17.9500318468759,-487
"PLCE1",-0.10407454501669,2.88749362205799e-20,1.00691689355295e-18,-17.9970063727044,-486
"KAZN",-0.146934441222694,2.52414469180816e-20,8.84943415875324e-19,-18.0530844976171,-485
"PABPC1L",-0.173039639854531,2.03026788651797e-20,7.19531352607808e-19,-18.142950277519,-484
"DNMT3B",-0.136610814593819,2.02310542236663e-20,7.18946619032851e-19,-18.1433033542904,-483
"ENG",-0.16281989692374,1.99191620470088e-20,7.09797025729749e-19,-18.1488658248135,-482
"C11orf95",-0.103313757085603,1.77610190903841e-20,6.38124548145424e-19,-18.1950945480919,-481
"CASTOR3",-0.133625387110688,1.51398941775452e-20,5.53093837152786e-19,-18.2572011806295,-480
"COL9A2",-0.27447907681261,1.45280882918517e-20,5.32234066017782e-19,-18.2738973315696,-479
"ITGA10",-0.168706938101119,1.32297687238395e-20,4.86035616045957e-19,-18.3133319050474,-478
"WASF1",-0.190917938227594,1.30327892413333e-20,4.80151517755561e-19,-18.3186216939962,-477
"SLC5A6",-0.107280682769786,1.14410886517434e-20,4.23905335784198e-19,-18.3727311168428,-476
"GDF6",-0.142019952593993,1.04803205870434e-20,3.90526688846345e-19,-18.4083492808068,-475
"DUSP4",-0.134254324514922,9.73365337132312e-21,3.6374300077019e-19,-18.4392053547239,-474
"GREB1",-0.186461799865147,8.79159168370219e-21,3.29745868857115e-19,-18.4818206367029,-473
"ETV5",-0.18058736164411,8.79861695769638e-21,3.29745868857115e-19,-18.4818206367029,-472
"SBK1",-0.181268608509879,8.02244725059958e-21,3.03271759542956e-19,-18.5181680290091,-471
"TANC2",-0.15115239179558,7.73817004803284e-21,2.94230943925494e-19,-18.531311654962,-470
"GLI3",-0.117398193545287,5.28110635113631e-21,2.04380382882848e-19,-18.6895607915833,-469
"ORC6",-0.104876759800319,5.06866660448269e-21,1.97547855882131e-19,-18.7043276796429,-468
"SMAD6",-0.1109244780696,5.01705295536145e-21,1.96493707639111e-19,-18.7066513525729,-467
"COL18A1",-0.13032315606457,4.38993913576876e-21,1.72971559542889e-19,-18.7620252988884,-466
"CARMIL1",-0.163820218179222,3.97709899499071e-21,1.57179773008087e-19,-18.8036033427506,-465
"HIC2",-0.124342438871344,3.24484747352627e-21,1.29515745555035e-19,-18.8876774301003,-464
"TTLL4",-0.10569062403783,3.24732777154551e-21,1.29515745555035e-19,-18.8876774301003,-463
"CDC25A",-0.109933406056494,2.96808727096503e-21,1.19474673419524e-19,-18.9227241479366,-462
"SV2A",-0.116492208581332,2.67206634738247e-21,1.08226985411684e-19,-18.9656644383591,-461
"SLC16A12",-0.136389105294079,2.24926269550334e-21,9.19588842468797e-20,-19.0364063067412,-460
"IKBKE",-0.184201756214856,1.46182106230835e-21,6.03325009323592e-20,-19.219448671723,-459
"HMGA1",-0.147049251533645,1.41611614087439e-21,5.87841791217859e-20,-19.2307395420298,-458
"VASH1",-0.180144540020873,1.25876781193061e-21,5.24499993712429e-20,-19.2802545126766,-457
"RAB8A",-0.128987200369769,8.76930757370103e-22,3.67746975486202e-20,-19.4344508904157,-456
"NOS3",-0.188881106206794,8.45596249427638e-22,3.55750525323718e-20,-19.4488544499365,-455
"SH3PXD2B",-0.151403608846956,8.42785905703626e-22,3.55715656381446e-20,-19.448897019463,-454
"UNC5B",-0.142847942583644,8.03925519734575e-22,3.40415474947348e-20,-19.4679907055455,-453
"BMX",-0.191997188670077,6.00747772291933e-22,2.58579288654501e-20,-19.5874062636137,-452
"KIF18B",-0.135807759738646,5.53516908497347e-22,2.398328079941e-20,-19.6200914077417,-451
"ELOVL6",-0.112541707391755,4.63841694188891e-22,2.01647445853717e-20,-19.6954072745672,-450
"FANCD2",-0.132855605255181,2.9442267598865e-22,1.31502073296027e-20,-19.88106739992,-449
"TBC1D16",-0.162167817873932,2.61143993724491e-22,1.17442757453614e-20,-19.9301737604523,-448
"PTPRU",-0.246152301273291,2.45683843840196e-22,1.11644902138113e-20,-19.9521611026314,-447
"CAPN5",-0.122270819305827,2.39110081599688e-22,1.09037541406403e-20,-19.9624239495952,-446
"GYG2",-0.120706864679671,2.28124600085178e-22,1.04393018747751e-20,-19.9813285436777,-445
"CCNE1",-0.137141327884532,2.10251450968912e-22,9.65527966033996e-21,-20.0152351425802,-444
"NOTCH1",-0.184403577571217,1.76397540443225e-22,8.15807348390263e-21,-20.0884123870908,-443
"AKNA",-0.1286768857119,1.73630378107535e-22,8.08745496885166e-21,-20.0921881244789,-442
"SLIT3",-0.207685348875099,1.66353700483029e-22,7.77629018530345e-21,-20.1092275413528,-441
"MCM10",-0.140069238101308,1.43570067525798e-22,6.75971415404857e-21,-20.1700716685471,-440
"TAL1",-0.119975181604046,1.42425835959112e-22,6.75461000937723e-21,-20.1703997207596,-439
"PRKCB",-0.259785240737915,1.07484444830075e-22,5.13484296510563e-21,-20.2894728335528,-438
"CCDC183",-0.152704647321731,1.00885241726573e-22,4.83729898013959e-21,-20.3153970692351,-437
"VANGL2",-0.132922262179957,9.4699844968604e-23,4.55747371985437e-21,-20.3412758269747,-436
"NUP93",-0.103208599536839,8.69718482397713e-23,4.2010623879374e-21,-20.3766408689177,-435
"PTK7",-0.101956364016041,5.47622835536538e-23,2.67494270451967e-21,-20.5726855158399,-434
"F2R",-0.142060095833529,5.28116819811043e-23,2.5893607383367e-21,-20.5868074413552,-433
"SETBP1",-0.126245121929319,5.26371716167301e-23,2.5893607383367e-21,-20.5868074413552,-432
"DPPA4",-0.227004965193656,5.21980955856439e-23,2.58471344507613e-21,-20.5875875980712,-431
"NELL2",-0.335081914162291,4.69196980022229e-23,2.34454674844824e-21,-20.6299411033428,-430
"PXDN",-0.108563684824182,4.2727502618383e-23,2.15989181840679e-21,-20.6655680006294,-429
"NCAPH",-0.115417193543226,4.13791373088039e-23,2.09987046218452e-21,-20.6778074954059,-428
"DCBLD1",-0.150774213255106,3.92132671071817e-23,1.99773214692134e-21,-20.6994627417918,-427
"SERPINB9",-0.185635268168447,2.94222393543976e-23,1.50480331631393e-21,-20.8225202603503,-426
"E2F3",-0.127551025023088,2.75603000124441e-23,1.42071712554267e-21,-20.8474923844549,-425
"HIP1",-0.111424094912386,2.53153701190716e-23,1.31017086147989e-21,-20.8826720636121,-424
"ARSI",-0.171858417609716,2.4146913831957e-23,1.25467749082224e-21,-20.9014678932715,-423
"AUTS2",-0.131394182685269,2.29421163998515e-23,1.19684432834745e-21,-20.921962333918,-422
"SLC6A9",-0.178133561690208,1.86433566605564e-23,9.76492600670589e-22,-21.0103310432109,-421
"SLC19A1",-0.152545415987766,1.37896458827608e-23,7.25179683882927e-22,-21.1395543712907,-420
"RAD54L",-0.152976280411903,1.13519599125679e-23,6.01838460080123e-22,-21.2205200624137,-419
"PUS7",-0.101165216787003,9.13161818509802e-24,4.90101087942586e-22,-21.3097143334251,-418
"CSRP1",-0.140535493806061,7.8356775546593e-24,4.24036957128077e-22,-21.3725962906305,-417
"GATA5",-0.202175350468592,7.67743057176762e-24,4.17204372987472e-22,-21.3796511481018,-416
"SCD",-0.211821662659176,5.84319179348009e-24,3.21548132365263e-22,-21.4927540085686,-415
"NPR3",-0.249493823100918,5.29092719768856e-24,2.93635202179805e-22,-21.5321918806497,-414
"COLQ",-0.174219525421059,2.86489129419987e-24,1.6105134594377e-22,-21.7930356413286,-413
"CLSTN2",-0.247524410236351,2.79098828489538e-24,1.57576057193098e-22,-21.8025097704686,-412
"LINC02593",-0.22607067262876,1.88210229641115e-24,1.07189424234909e-22,-21.9698480618727,-411
"UHRF1",-0.183132154011543,1.81678399447794e-24,1.0392323182448e-22,-21.9832873559524,-410
"AEN",-0.151391525626059,1.64828202833715e-24,9.46999745091329e-23,-22.0236501378979,-409
"SAMD14",-0.167146827721519,1.08426354472947e-24,6.25706422582378e-23,-22.2036293871708,-408
"PLEKHG2",-0.149224065539426,9.1152696347649e-25,5.33100208863694e-23,-22.2731911473225,-407
"PROSER1",-0.130658997026221,7.57956856635346e-25,4.45282582172891e-23,-22.3513642925493,-406
"RAI14",-0.133665207293134,7.08694480621657e-25,4.1822594643745e-23,-22.3785890273647,-405
"FN1",-0.214518280080801,4.17938190945787e-25,2.50034398454814e-23,-22.6020002392022,-404
"ZNF618",-0.130127911597381,2.10249934363318e-25,1.29343379432377e-23,-22.8882557961672,-403
"CHEK1",-0.107600912327565,1.25245913714737e-25,7.81558472089758e-24,-23.1070385248029,-402
"TIAM1",-0.155380235364009,1.23405499070417e-25,7.73776210998259e-24,-23.1113846263736,-401
"SLC7A5",-0.211042428825152,1.04857604366881e-25,6.60653563358869e-24,-23.1800262182193,-400
"IGF2BP2",-0.105331530884314,8.846108928137e-26,5.62785134832989e-24,-23.2496573823554,-399
"GATAD2A",-0.111321314891791,3.19682498876255e-26,2.11639550778889e-24,-23.6744031689622,-398
"MYH10",-0.138594790653791,1.64043737486992e-26,1.10281362077596e-24,-23.9574978785916,-397
"NRP2",-0.154101003120292,1.44983149869395e-26,9.79725513262513e-25,-24.0088955822391,-396
"NUP210",-0.164817203666572,3.15795076071763e-27,2.23836922941736e-25,-24.6500682730033,-395
"CACNA1G",-0.30636099093606,2.33096900294196e-27,1.67035701848182e-25,-24.7771906937714,-394
"ATP1A2",-0.180200901275721,1.58648413434024e-27,1.15591765810421e-25,-24.9370731018192,-393
"CHSY1",-0.136553614622193,1.54202989579723e-27,1.12984010679705e-25,-24.9469830128432,-392
"CTPS1",-0.127825852939924,1.23755465405584e-27,9.11875016847244e-26,-25.0400646827387,-391
"RAP1GAP",-0.179357245937828,1.18934219987046e-27,8.81329600608555e-26,-25.0548616432841,-390
"SLC31A1",-0.140050225423499,1.00576851155061e-27,7.58221556511163e-26,-25.120203872586,-389
"CCND1",-0.156656923992537,8.78917814083735e-28,6.66444542516283e-26,-25.1762359841064,-388
"SORCS1",-0.271385541287271,8.24324676499288e-28,6.28704235725363e-26,-25.2015536136979,-387
"SRSF12",-0.118928959210039,7.51943775511424e-28,5.80287024865088e-26,-25.2363571400894,-386
"SLIT2",-0.230496643756433,4.94365755696636e-28,3.90758677927002e-26,-25.4080913684362,-385
"KIRREL1",-0.203179545164874,2.29073197968307e-28,1.82169063896503e-26,-25.7395253733552,-384
"NYNRIN",-0.171726956348434,1.27278884676919e-28,1.02467358886196e-26,-25.9894144576642,-383
"TTYH3",-0.13820400559786,1.17430723904196e-28,9.51261801961814e-27,-26.0216999420531,-382
"ROR2",-0.15579203704098,4.80699996962495e-29,4.01877523101594e-27,-26.3959062830986,-381
"TMEM100",-0.197177460568959,3.87698901206034e-29,3.30481638531313e-27,-26.4808526647897,-380
"COL13A1",-0.180489447626104,3.263421956864e-29,2.80010191851449e-27,-26.5528261608567,-379
"PKNOX2",-0.163009960965514,3.11258499789374e-29,2.68836645977021e-27,-26.5705115315229,-378
"P2RY1",-0.211089559289882,2.52744700425508e-29,2.19753092196632e-27,-26.658065005153,-377
"F2RL2",-0.270464693537703,1.61382941352761e-29,1.42213264940723e-27,-26.8470598929039,-376
"ZNF850",-0.139854356089536,1.52603839320335e-29,1.35391787239171e-27,-26.8684076788184,-375
"LDLRAD3",-0.121915426909675,1.12771091627272e-29,1.01431763931233e-27,-26.9938260219272,-374
"RECK",-0.123336538400167,1.00990436702435e-29,9.17082734281191e-28,-27.0375914828458,-373
"PLAGL2",-0.16498438149929,8.83918870291857e-30,8.13466494166657e-28,-27.0896603304938,-372
"ECE1",-0.174966997246005,5.35669715736272e-30,5.09941929389231e-28,-27.2924792771996,-371
"BAALC-AS1",-0.205330162102049,2.6522824168811e-30,2.56230128007136e-28,-27.5913698064494,-370
"TTC9",-0.145987718625284,1.48160956243703e-30,1.46387514494725e-28,-27.8344959630131,-369
"NFKBIZ",-0.186884385358424,7.86689234430940e-31,7.89230845803716e-29,-28.1027959493948,-368
"NT5E",-0.225599981431485,5.16893133413265e-31,5.3081261779337e-29,-28.2750587621963,-367
"FKBP10",-0.151414135796543,4.19758014651695e-31,4.34482859292651e-29,-28.3620273521531,-366
"FNBP1",-0.109297815688169,4.09970954106026e-31,4.27747294676063e-29,-28.3688127285104,-365
"SNCAIP",-0.154440103984498,3.41104962127481e-31,3.58765396456984e-29,-28.4451894520619,-364
"ITSN1",-0.103080051781637,6.03826168319042e-32,6.84791381497126e-30,-29.1644417141484,-363
"STK26",-0.261433073549605,5.76652977882094e-32,6.59711240134935e-30,-29.1806461163637,-362
"CPXM1",-0.193035167513568,5.68093357916201e-32,6.55670227782575e-30,-29.1833145360274,-361
"FGFR3",-0.268277424423121,5.03485366642514e-32,5.86290727834971e-30,-29.2318869741112,-360
"CBX2",-0.128789057777184,1.21697560677311e-32,1.46961072810508e-30,-29.8327976863567,-359
"WWC1",-0.266299126366049,8.79059448942297e-33,1.07146666664537e-30,-29.9700213353241,-358
"LEF1",-0.247561559559373,8.4410839804309e-33,1.03857186106396e-30,-29.9835634483019,-357
"GBP4",-0.241040318332702,2.15016626273974e-33,2.74926160771094e-31,-30.5607839326267,-356
"STUM",-0.297644162515984,1.79503255175637e-33,2.31790242970362e-31,-30.6349048492754,-355
"HAS2",-0.245506331748441,8.91923535162862e-34,1.1632466745594e-31,-30.9343281803357,-354
"COLEC12",-0.207396404714556,8.36763854692605e-34,1.10233072655565e-31,-30.9576880868188,-353
"TNFRSF21",-0.193304307784003,7.07454006167343e-34,9.41491341676988e-32,-31.0261836695711,-352
"CACHD1",-0.208632027977886,6.89552951226009e-34,9.27128823699959e-32,-31.0328599168426,-351
"WASF3",-0.184776095876987,6.33628903514007e-34,8.60811266628092e-32,-31.0650920574277,-350
"TPBG",-0.196221125958704,4.29805010720236e-34,5.90054415769824e-32,-31.2291079351734,-349
"FREM2",-0.312190105898865,2.08668484542961e-34,2.99060920374649e-32,-31.5242403344595,-348
"DNMT3A",-0.100457702905844,6.12078983404086e-35,9.07128875176829e-33,-32.0423310086376,-347
"MTMR11",-0.164393866693172,5.15690520354823e-35,7.73061582352599e-33,-32.1117859086552,-346
"HACD3",-0.1106984001117,2.20254088574971e-35,3.3794750861115e-33,-32.4711507508788,-345
"DPYSL3",-0.157890472729804,1.72499040622244e-35,2.67825296166108e-33,-32.5721484061645,-344
"FBN3",-0.325375177198105,1.58672444979246e-35,2.49326027399919e-33,-32.603232382683,-343
"LAMC3",-0.261116545368947,4.10081438491354e-36,6.76997736810663e-34,-33.1694127831498,-342
"CEMIP",-0.344771672784638,2.06544826779703e-36,3.59167684114786e-34,-33.4447027456183,-341
"ADGRG6",-0.298190638820296,1.02205204644404e-36,1.80129767428691e-34,-33.7444145117126,-340
"CDH3",-0.336017502881713,8.93996021897061e-37,1.59719124898376e-34,-33.7966430779721,-339
"SDK2",-0.266743153499947,8.49483320478236e-37,1.53874464801072e-34,-33.8128334446006,-338
"CTSV",-0.23510513813317,7.6461975566587e-37,1.42459583619918e-34,-33.8463083293431,-337
"BMP10",-0.473053520240491,2.15096970195417e-37,4.15097170641784e-35,-34.3818502268211,-336
"LRP8",-0.28168123429493,2.16428520193539e-37,4.15097170641784e-35,-34.3818502268211,-335
"CPXM2",-0.276898898720222,5.54282393092878e-38,1.12952358917458e-35,-34.9471046947645,-334
"TYRO3",-0.158113359719746,3.63650302913629e-38,7.64956008161217e-36,-35.1163635399604,-333
"CACNA1H",-0.337576374167738,3.19035408719986e-38,6.82108164020666e-36,-35.1661467524511,-332
"TRIB1",-0.170400113768663,2.15100933859466e-38,4.7548243718562e-36,-35.3228655198922,-331
"EPHB3",-0.19799310084135,1.29431135044562e-38,2.96147519868629e-36,-35.5284919000714,-330
"TRH",-0.372301565845441,8.12360519049522e-39,1.89192962311498e-36,-35.7230950227235,-329
"SHROOM2",-0.222818262075179,7.72833067364024e-39,1.83259797537484e-36,-35.7369327975724,-328
"BEND3",-0.144248945269584,3.7148398502955e-39,9.14130968444414e-37,-36.0389915780102,-327
"APCDD1",-0.15331656113677,2.41342274068702e-39,6.05304988154619e-37,-36.2180257471694,-326
"DAPK1",-0.198973355167575,1.33726063009276e-39,3.48811062753394e-37,-36.4574097496094,-325
"SLCO2A1",-0.271923250708243,1.18678423439989e-39,3.15878367041701e-37,-36.500480115773,-324
"SMTNL2",-0.318935178111954,2.12118797996365e-40,5.88607098610338e-38,-37.2301745046069,-323
"NSG1",-0.271518696774719,8.0603141088843e-41,2.28527427408846e-38,-37.6410616693032,-322
"FOXC1",-0.254656441310162,4.32187530454788e-41,1.25257550493141e-38,-37.9021960855112,-321
"COL2A1",-0.528559828785204,5.81231675945107e-42,1.94369833786566e-39,-38.7113711367175,-320
"TNC",-0.370479419211058,4.21196287926084e-42,1.44558999661368e-39,-38.8399548657256,-319
"CEMIP2",-0.259221484183086,2.70401113957035e-42,9.60425119063384e-40,-39.0175364898812,-318
"CBLN2",-0.359149218914505,2.7247147220783e-42,9.60425119063384e-40,-39.0175364898812,-317
"INPP5F",-0.141132617053287,3.59471113376236e-43,1.33949207447225e-40,-39.8730598516886,-316
"TICRR",-0.188552758545251,7.82144088532108e-44,3.18772600082367e-41,-40.496519015207,-315
"SCARA3",-0.184847287642026,5.96333597975753e-44,2.50883315638702e-41,-40.6005282193828,-314
"PSAT1",-0.19319817079398,4.501587815118e-44,1.95699027615897e-41,-40.7084113322475,-313
"GOLM1",-0.11843512808231,2.64970748702302e-44,1.23419589449122e-41,-40.9086159025844,-312
"RAMP2-AS1",-0.280920569600568,3.93341649298992e-45,1.97306222698363e-42,-41.704859217632,-311
"RASSF5",-0.280404532271092,3.46062224113663e-46,1.80533741075616e-43,-42.743441618171,-310
"SMOC1",-0.289734919240195,2.211906038011e-46,1.20198660615581e-43,-42.9201003716885,-309
"COL9A3",-0.264225436859993,1.22182981027745e-46,7.24322926619933e-44,-43.1400677680825,-308
"FGFR2",-0.272793024308803,5.30020797293262e-47,3.29168154204701e-44,-43.4825821878041,-307
"BMPER",-0.376917219884888,4.74143538636477e-47,3.09189001544847e-44,-43.5097759631798,-306
"IGF2BP1",-0.155698151918915,1.06824036923509e-49,8.19528876209646e-47,-46.0864357393997,-305
"COL26A1",-0.377812863886619,3.55332639649881e-53,3.5648063740875e-50,-49.4479640542971,-304
"CDH11",-0.289658700858953,9.88101004792111e-56,1.28868133044987e-52,-51.8898544632031,-303
"HAPLN1",-0.381158020310066,2.52888062567292e-56,3.66462901333625e-53,-52.435969984356,-302
"HMGA2",-0.370189800653576,8.38499485774707e-62,1.82261838224562e-58,-57.7393042539091,-301
"NAT8L",-0.417659791627825,3.42211578970818e-63,8.92624682587482e-60,-59.0493311083499,-300
"MYRF",-0.365751492046971,9.01193934752207e-67,2.93834282425957e-63,-62.5318975352992,-299
"BMP2",-0.303977194656821,9.29651206504348e-73,4.0415036784099e-69,-68.3934570215883,-298
"SALL1",-0.462139071995542,3.02540534523361e-73,1.97286682562683e-69,-68.7049022299264,-297
"ITGA8",-0.356242086996473,1.39988706090696e-86,1.82573270483486e-82,-81.7385628047385,-296
